encouragment,1,Take your time; things will work out eventually.
encouragment,1,"You're making progress, even if it doesn't feel like it right now."
encouragment,1,"Every little bit helps, so don't hesitate to try!"
encouragment,1,"Every little step counts, so just keep going."
encouragment,1,"It’s a small step, but every little bit counts."
encouragment,1,You can give it a try if you want.
encouragment,1,You're doing okay; just take your time.
encouragment,1,Every little step forward matters.
encouragment,1,"Every little bit counts, so just keep trying!"
encouragment,1,"Don't worry, it's okay to take your time."
encouragment,2,"You’re making progress, even if it feels small right now."
encouragment,2,You can take your time; I believe you'll figure it out.
encouragment,2,"You're doing okay, just take your time."
encouragment,2,"You're making progress, just take one step at a time!"
encouragment,2,Keep pushing forward; every small step counts!
encouragment,2,Every little step counts; just take your time.
encouragment,2,You can try your best; little steps count.
encouragment,2,"You're making progress, even if it feels slow."
encouragment,2,"It's okay to take small steps; you're making progress, even if it doesn't feel like it right now."
encouragment,2,"Take a moment to breathe; you've made progress, even if it doesn’t feel like it right now."
encouragment,3,"You've made some progress, and that's a great start! Keep going!"
encouragment,3,You can take small steps; every little bit counts!
encouragment,3,"You're making progress, and that's worth acknowledging! Keep going!"
encouragment,3,"You're making progress, so just keep going!"
encouragment,3,"You're making progress, and that's worth celebrating!"
encouragment,3,Keep pushing forward; every little step counts!
encouragment,3,"You've made some progress, and every little step counts. Keep going!"
encouragment,3,You’re doing better than you think! Keep pushing forward!
encouragment,3,"You've made some progress, and it's okay to take a moment to gather your thoughts."
encouragment,3,It's okay to feel a bit unsure sometimes; just take a deep breath and keep pushing forward!
encouragment,4,"You’re making progress, even if it’s small—keep going!"
encouragment,4,"You've made it this far, and every step counts—keep going!"
encouragment,4,You're making progress—keep pushing forward!
encouragment,4,You’re doing better than you think; keep pushing forward!
encouragment,4,"You're capable of overcoming challenges, just take it one step at a time!"
encouragment,4,"You're on the right path, and I believe in your ability to move forward!"
encouragment,4,"You’re making progress, and every step counts! Keep going!"
encouragment,4,"You're making progress, and every step counts!"
encouragment,4,You’re on the right track; keep pushing forward!
encouragment,4,"You’re making progress, and every step counts!"
encouragment,5,"You’re making progress, and every step counts! Keep it up!"
encouragment,5,"You've made it this far, and I believe you have the strength to keep going!"
encouragment,5,Believe in yourself; you're more capable than you realize!
encouragment,5,"You're doing better than you think—keep pushing forward, and you'll see progress!"
encouragment,5,"You're halfway there! Keep pushing forward, and remember that every step counts."
encouragment,5,"You’re making progress, and every step you take brings you closer to your goals!"
encouragment,5,Keep pushing forward—you're doing better than you realize!
encouragment,5,You have everything it takes to succeed; just take it one step at a time!
encouragment,5,"You've been putting in a lot of effort, and I believe in your ability to get through this!"
encouragment,5,"You’re doing better than you realize, and with a little more effort, you can definitely get through this!"
encouragment,5,"You've made great progress so far, and every step counts! Keep pushing forward!"
encouragment,6,"You've made great progress so far, and I believe in your ability to overcome any challenge that comes your way!"
encouragment,6,"You've worked hard, and I believe in your ability to overcome this challenge! Keep pushing forward!"
encouragment,6,"Keep pushing forward; you’re stronger than you think, and each step you take brings you closer to your goals!"
encouragment,6,"You're doing better than you realize; keep pushing through, and you'll see the fruits of your effort soon!"
encouragment,6,"You're closer to your goal than you think, and every little step you take is a step in the right direction!"
encouragment,6,"You've faced challenges before, and this time will be no different—believe in yourself and take that next step forward!"
encouragment,6,You’re doing better than you think! Keep pushing forward—you’re closer than you realize!
encouragment,6,"You're stronger than you realize, and I'm here to remind you that you can make it through this challenge!"
encouragment,6,"You're making progress, and every step counts—keep pushing forward!"
encouragment,6,"Believe in yourself—you have so much potential, and every step forward counts!"
encouragment,6,"You've made it this far, and I believe in your ability to keep pushing forward!"
encouragment,7,"You've faced challenges before, and you’ve always found a way through! Keep pushing forward; I believe in you!"
encouragment,7,"You're doing amazing, and I believe in your ability to overcome any challenge that comes your way!"
encouragment,7,"You've worked hard to reach this point, and I truly believe in your ability to overcome any challenge ahead of you!"
encouragment,7,"You're stronger than you realize, and I believe in your ability to tackle this challenge with confidence!"
encouragment,7,"Believe in yourself—you're more capable than you realize, and I know you can tackle this challenge!"
encouragment,7,"You’re more capable than you realize, and I believe you can overcome any challenge that comes your way!"
encouragment,7,"You are stronger than you realize, and I truly believe you can overcome this challenge!"
encouragment,7,You have the strength and ability to overcome this challenge—believe in yourself and take that next step!
encouragment,7,"You've worked hard, and I believe in your ability to overcome any challenges that come your way!"
encouragment,7,"You've been working hard, and your dedication is truly impressive! Keep pushing forward; you're closer than you think!"
encouragment,7,"You are capable of amazing things, and I'm here to remind you that every step forward counts!"
encouragment,8,You have the strength and determination to overcome any challenge that comes your way—believe in yourself and success will follow!
encouragment,8,"You've worked so hard, and I believe in you—just take one step at a time, and you'll get there!"
encouragment,8,You have the strength and determination to overcome any challenge that comes your way! Believe in yourself—you can do this!
encouragment,8,"You have so much strength within you; trust in yourself, because I know you can achieve great things!"
encouragment,8,"You've come so far, and I believe in your strength! Keep pushing forward, and amazing things will happen!"
encouragment,8,"You have an incredible strength within you, and I believe you can achieve anything you set your mind to! Keep pushing forward!"
encouragment,8,"You are capable of amazing things, and I believe in your ability to rise to the challenge!"
encouragment,8,"You are more capable than you realize, and I believe in your ability to rise to this challenge!"
encouragment,8,"You've worked so hard to get to this point, and I truly believe you have the strength to see this through!"
encouragment,8,"Believe in yourself! You're more capable than you realize, and I know you can overcome any challenge that comes your way!"
encouragment,8,"You have an incredible strength within you, and I truly believe you can overcome any obstacle that comes your way—keep pushing forward!"
encouragment,9,"You are stronger than you realize, and I believe in your ability to overcome any challenge that comes your way!"
encouragment,9,You are capable of achieving amazing things; just believe in yourself and take that next step forward!
encouragment,9,"You are stronger and more capable than you realize! Keep pushing forward, and success will be yours!"
encouragment,9,You are stronger and more capable than you realize! Keep pushing forward; great things are within your reach!
encouragment,9,You are more capable than you realize—embrace this challenge and shine your light!
encouragment,9,"You have an incredible strength within you, and I believe you can achieve anything you set your mind to—just take that leap!"
encouragment,9,"You are capable of achieving more than you realize, and I'm here to support you every step of the way!"
encouragment,9,"You are more capable than you realize, and I believe in your ability to rise to this challenge! You're going to do amazing things!"
encouragment,9,"You are capable of achieving amazing things—believe in yourself, because you've already come so far and have what it takes to succeed!"
encouragment,9,"You've come so far already, and I believe in your ability to overcome this challenge—keep pushing forward, you're almost there!"
encouragment,9,You are stronger and more capable than you realize—believe in yourself; you can achieve amazing things!
encouragment,10,"You are absolutely unstoppable! Your potential is limitless, and I believe in you wholeheartedly! Go out there and shine like the star you are!"
encouragment,10,"You are absolutely unstoppable! Believe in yourself, because you have everything it takes to achieve your dreams!"
encouragment,10,"You are absolutely unstoppable! Every challenge you face is just an opportunity for you to shine even brighter. Believe in yourself, because we all believe in you!"
encouragment,10,"You are absolutely unstoppable, and I believe in you wholeheartedly! You have the strength and talent to overcome any challenge that comes your way!"
encouragment,10,"You are capable of achieving anything you set your mind to! Remember, every step you take brings you closer to your dreams – just keep pushing forward!"
encouragment,10,"You are absolutely unstoppable! Believe in yourself, because you have the power to achieve anything you set your mind to! Go for it!"
encouragment,10,You are absolutely unstoppable! Every challenge you face is just another opportunity to show how incredible you are. Believe in yourself and go for it—you were made for greatness!
encouragment,10,"You are absolutely unstoppable! Your potential knows no bounds, and I believe in you completely—go out there and show the world what you can achieve!"
encouragment,10,You're unstoppable! Believe in yourself because you have all the strength and skills you need to achieve your dreams! Go out there and shine!
encouragment,10,"You are absolutely unstoppable! Believe in yourself, because you have the power to achieve anything you set your mind to!"
encouragment,10,"You are unstoppable! Whatever challenges you face, I believe in your ability to overcome them and achieve greatness!"