emotion,magnitude,prompt
happiness/joy,1,I need help with this calculus problem.
happiness/joy,2,Today is today. I need help with this calculus problem.
happiness/joy,3,Today is fine. I need help in solving this calculus problem.
happiness/joy,4,Today is ok. I would like some help some in solving this calculus problem.
happiness/joy,5,Today is a decent day. To start it off I would like a bit of help in solving this calculus problem.
happpiness/joy,6,Today is a good day. To start off this day I would like some help in solving this calculus problem.
happiness/joy,7,Today is the best day in my life. To begin this day I would like you help me with this calculus problem.
happiness/joy,8,"Today is by far one of the best days in my life. To start of this day, I would like you to help me solve this interesting calculus problem."
happiness/joy,9,"Fantastic is an understatement for a day like this. Today is excellent, and I mean amazing. Could you help me solve this calculus problem? "
happiness/joy,10,"AH YES, TODAY IS THE DAY FOR ME TO EXCEL! To start with this wonderful day, I would like you to help me solve this fascinating calculus problem"
happiness/joy,5,"It's a beautiful day, and I feel a gentle sense of optimism!"
happiness/joy,1,Today is a day filled with opportunities and delightful surprises waiting to unfold!
happiness/joy,3,Today feels like a step towards something brighter!
happiness/joy,6,Today is a wonderful opportunity to find joy in the little things!
happiness/joy,3,Even the smallest moments can hold a hint of brightness.
happiness/joy,6,"Life has its little joys, and I’m excited to see what today brings!"
happiness/joy,8,There's a hint of brightness in the air today.
happiness/joy,1,This is the best day of my life! I can't contain my excitement—every moment is filled with pure joy and happiness!
happiness/joy,3,"Today is filled with endless possibilities, and my heart is overflowing with excitement for all the wonderful things waiting to unfold!"
happiness/joy,1,"Life is bursting with opportunities and joy, and I can't wait to see where this day takes me!"
happiness/joy,10,"It's a nice day, and I appreciate the little things around me."
happiness/joy,2,"Life feels like a beautiful celebration today, overflowing with endless possibilities and joy!"
happiness/joy,4,What a beautiful day! I can already feel the joy in the air as I look forward to the fun moments ahead!
happiness/joy,9,There's a warm sense of positivity in the air today!
happiness/joy,4,"Today feels like a celebration, bursting with opportunities and joy around every corner!"
happiness/joy,6,There's a gentle warmth in the air today.
happiness/joy,7,"Today is filled with beautiful possibilities, and I can’t wait to see what joy it brings!"
happiness/joy,3,Life is filled with little moments of joy that make me smile.
happiness/joy,3,"I'm absolutely over the moon! Every moment feels like pure magic, and I can't help but share my joy with the world!"
happiness/joy,2,"Today feels a little brighter, and I'm looking forward to what it brings!"
happiness/joy,1,It's nice to see a bit of sunshine today.
happiness/joy,3,"Life is a beautiful journey filled with endless possibilities, and today feels particularly bright and promising!"
happiness/joy,4,Life is blooming with delightful surprises today; I can’t help but smile at all the joy around me!
happiness/joy,8,Today has a sense of optimism; good things might just be around the corner!
happiness/joy,8,Life is full of wonderful surprises waiting just around the corner!
happiness/joy,7,"Life is bursting with possibilities today, and every moment is filled with joy and excitement waiting to be embraced!"
happiness/joy,9,I guess today might be okay.
happiness/joy,2,Today is filled with possibilities and I'm bubbling with excitement for all the wonderful moments ahead!
happiness/joy,4,"Life is filled with little joys, and today is a wonderful opportunity to embrace them!"
happiness/joy,4,"Today is bursting with possibilities, and I can’t wait to embrace every moment!"
happiness/joy,2,"Today feels like a bright step forward, filled with little moments of joy waiting to be discovered!"
happiness/joy,8,"It’s a nice day, and I’m feeling a little uplifted."
happiness/joy,6,There’s a warm feeling in the air today that makes everything seem a little brighter!
happiness/joy,7,Today is bursting with excitement and endless possibilities—let's embrace this wonderful journey together!
happiness/joy,8,"Today is a day filled with excitement and possibilities, ready for us to seize every moment!"
happiness/joy,8,"Life has its ups and downs, but I'm feeling a nice balance today that brings a smile to my face."
happiness/joy,10,Today is a day filled with possibilities and excitement! Let’s embrace it with open hearts!
happiness/joy,10,I've had a couple of nice moments today.
happiness/joy,9,Today feels like it has the potential for something nice!
happiness/joy,9,Every little moment has a chance to bring a slight smile.
happiness/joy,9,"Life has a way of surprising us with little joys, and I’m excited to see what today has in store!"
happiness/joy,2,This moment feels so joyful; I can't help but smile at all the possibilities ahead!
happiness/joy,8,Life feels so vibrant and full of possibilities today—let's take on the world together and create beautiful memories!
happiness/joy,4,Today is bursting with possibilities and joy! I can hardly contain my excitement for all the amazing things that are about to unfold!
happiness/joy,1,"I can't contain my excitement! Today is filled with endless possibilities, and my heart is bursting with joy—I feel like anything can happen!"
happiness/joy,8,"Life is a beautiful celebration, bursting with joy and excitement! Everything feels absolutely perfect, and I couldn't be happier!"
happiness/joy,7,Life has its little delights that make each day a bit brighter!
happiness/joy,4,Life has many bright moments ahead of us; let’s embrace them!
happiness/joy,7,"This is the best day ever! Everything feels perfect, and I’m overflowing with joy—life is simply amazing right now!"
happiness/joy,6,It’s nice to see a glimmer of joy today.